{
  "version": 2,
  "buildCommand": "npm run build",
  "devCommand": "npm run dev",
  "installCommand": "npm install",
  "env": {
    "NODE_ENV": "production"
  },

  "rewrites": [
    {
      "source": "/api/:path*",
      "destination": "/api/:path*"
    },
    {
      "source": "/:path*",
      "destination": "/index.html"
    }
  ],
  "headers": [
    {
      "source": "/api/:path*",
      "headers": [
        {
          "key": "Cache-Control",
          "value": "no-cache, no-store, must-revalidate"
        }
      ]
    },
    {
      "source": "/:path*",
      "headers": [
        {
          "key": "Cache-Control",
          "value": "public, max-age=3600, s-maxage=3600"
        }
      ]
    }
  ]
}

